Thread Count, Total Time, Total Count, Total RPS, RPS Per Thread
1, 6.093987, 1421, 233.180675, 233.180675
2, 6.094107, 1326, 217.587260, 108.793630
3, 6.088197, 1137, 186.754810, 62.251603
4, 6.083581, 1020, 167.664396, 41.916099
5, 6.090841, 945, 155.150975, 31.030195
6, 6.098916, 884, 144.943797, 24.157300
7, 6.104964, 830, 135.954942, 19.422135
8, 6.666900, 814, 122.095727, 15.261966
